netuid,name,required_vram_gb,gpu_class_required,gpu_class_basis,machine_class_cheapest,machine_vram_gb,machine_bandwidth_mbps,machine_cost_usd_day,competitive_miner_usd_day,net_margin_usd_day,payback_days,gate_status
1,Apex,,unknown,no evidence,rtx4090,24,1000,8.2192,1056.96,548.553,0,OK
2,DSperse,,unknown,no evidence,rtx4090,24,1000,8.2192,19.8198,1.0108,0.15,OK
3,Teutonic,,unknown,no evidence,rtx4090,24,1000,8.2192,4533.85,4525.63,0.07,OK
4,Targon,,unknown,no evidence,rtx4090,24,1000,8.2192,31704,10750.5,0,OK
5,Hone,,unknown,no evidence,rtx4090,24,1000,8.2192,49.0695,37.6018,5.9,OK
6,Numinous,0,cpu-only (dev box),code-submission (validator runs it),cpu-small,0,1000,0.9863,228.341,-0.9556,,OK
7,Allways,,unknown,no evidence,rtx4090,24,1000,8.2192,,,,OK
8,Vanta,,unknown,no evidence,rtx4090,24,1000,8.2192,1663.83,-7.0222,,OK
9,iota,,unknown,no evidence,rtx4090,24,1000,8.2192,18843.3,18835.1,0,OK
10,Pareton,24,24GB consumer,README keywords (GUESS),rtx4090,24,1000,8.2192,,,,BLOCKED:burn
11,TrajectoryRL,,unknown,no evidence,rtx4090,24,1000,8.2192,6818.92,6810.7,0,OK
12,Compute Horde,,unknown,no evidence,rtx4090,24,1000,8.2192,,,,BLOCKED:burn
13,Data Universe,,unknown,no evidence,rtx4090,24,1000,8.2192,9.30802,-3.9278,,OK
14,Cacheon,,unknown,no evidence,rtx4090,24,1000,8.2192,835.448,51.8357,0,OK
15,ORO,0,cpu-only (dev box),code-submission (validator runs it),cpu-small,0,1000,0.9863,19.5734,9.3247,13.63,OK
16,kenju,,unknown,no evidence,rtx4090,24,1000,8.2192,,,,OK
17,404—GEN,,unknown,no evidence,rtx4090,24,1000,8.2192,,,,OK
18,Zeus,,unknown,no evidence,rtx4090,24,1000,8.2192,1461.74,0.8123,368.95,OK
19,blockmachine,,unknown,no evidence,rtx4090,24,1000,8.2192,2047.2,-4.0585,,OK
20,Witness,,unknown,no evidence,rtx4090,24,1000,8.2192,,,,OK
21,AdTAO,0,cpu-only,min_compute.yml (curated),cpu-small,0,1000,0.9863,,,,OK
22,Desearch,,unknown,no evidence,rtx4090,24,1000,8.2192,81.4622,-6.339,,OK
23,Trishool,0,cpu-only (dev box),code-submission (validator runs it),cpu-small,0,1000,0.9863,1146.01,1145.02,0.03,OK
24,Quasar,640,multi-GPU,README keywords (GUESS),8xh100,640,10000,437.26,,,,BLOCKED:burn
25,UR,,unknown,no evidence,rtx4090,24,1000,8.2192,,,,BLOCKED:burn
26,Perturb,8,24GB consumer,README stated VRAM (explicit),rtx3060,12,1000,2.9589,408.646,326.134,0.09,OK
27,Orion,,unknown,no evidence,rtx4090,24,1000,8.2192,,,,BLOCKED:burn
28,SayGM,,unknown,no evidence,rtx4090,24,1000,8.2192,2456.37,33.5755,0.89,OK
29,hoτfloaτ,80,80GB datacentre,README keywords (GUESS),a100-80,80,2000,29.589,,,,OK
30,Endure Network,,unknown,no evidence,rtx4090,24,1000,8.2192,392.864,384.645,0.09,OK
31,rec4ll,,unknown,no evidence,rtx4090,24,1000,8.2192,,,,BLOCKED:burn
32,ItsAI,,unknown,no evidence,rtx4090,24,1000,8.2192,14.148,1.6229,8.43,OK
33,ReadyAI,,unknown,no evidence,rtx4090,24,1000,8.2192,21.7329,7.1515,2.36,OK
34,BitMind,80,80GB datacentre,min_compute.yml (curated),a100-80,80,2000,29.589,3601.57,-14.3698,,OK
35,logic,,unknown,no evidence,rtx4090,24,1000,8.2192,,,,OK
36,Epago,48,48GB,README keywords (GUESS),a6000,48,1000,14.7945,,,,OK
37,Aurelius,,unknown,no evidence,rtx4090,24,1000,8.2192,,,,BLOCKED:burn
38,ChronoLLM,0,cpu-only,README keywords (GUESS),cpu-small,0,1000,0.9863,3851.47,218.613,1.01,OK
39,deprecated,,unknown,no evidence,rtx4090,24,1000,8.2192,,,,BLOCKED:burn
40,Ralph,,unknown,no evidence,rtx4090,24,1000,8.2192,2094.66,2086.44,0.14,OK
41,Almanac,0,cpu-only (dev box),code-submission (validator runs it),cpu-small,0,1000,0.9863,105.322,36.2189,0.83,OK
42,Unknown,,unknown,no evidence,rtx4090,24,1000,8.2192,,,,BLOCKED:burn
43,Graphite,0,cpu-only,min_compute.yml (curated),cpu-small,0,1000,0.9863,,,,OK
44,Score,,unknown,no evidence,rtx4090,24,1000,8.2192,32084.1,32075.9,0,OK
45,AlphaRidge.ai,,unknown,no evidence,rtx4090,24,1000,8.2192,7.4788,-4.1125,,OK
46,Instant,0,cpu-only,README keywords (GUESS),cpu-small,0,1000,0.9863,299.978,234.654,0.13,OK
47,GPUForge,80,80GB datacentre,README keywords (GUESS),a100-80,80,2000,29.589,,,,OK
48,Quantum Compute,,unknown,no evidence,rtx4090,24,1000,8.2192,,,,OK
49,Nepher Robotics,,unknown,no evidence,rtx4090,24,1000,8.2192,79.5285,71.3093,0.21,OK
50,Synth,,unknown,no evidence,rtx4090,24,1000,8.2192,103.435,4.3033,55.72,OK
51,lium.io,141,multi-GPU,README keywords (GUESS),h200-141,141,5000,78.9041,3305.96,-30.7344,,OK
52,Dojo,,unknown,no evidence,rtx4090,24,1000,8.2192,,,,BLOCKED:burn
53,engy,24,24GB consumer,README keywords (GUESS),rtx4090,24,1000,8.2192,3585.68,1305.35,0,OK
54,Yanez,16,24GB consumer,min_compute.yml (curated),a4000,16,1000,5.0959,3555.59,-4.0307,,OK
55,NIOME,,unknown,no evidence,rtx4090,24,1000,8.2192,577.996,68.8309,0.01,OK
56,Gradients,,unknown,no evidence,rtx4090,24,1000,8.2192,5115.33,-7.0114,,OK
57,gaia,,unknown,no evidence,rtx4090,24,1000,8.2192,,,,BLOCKED:burn
58,dippy-speach,,unknown,no evidence,rtx4090,24,1000,8.2192,,,,BLOCKED:burn
59,agent-arena,,unknown,no evidence,rtx4090,24,1000,8.2192,,,,OK
60,Bitsec.ai,0,cpu-only (dev box),code-submission (validator runs it),cpu-small,0,1000,0.9863,,,,OK
61,RedTeam,,unknown,no evidence,rtx4090,24,1000,8.2192,129.241,66.4864,0.36,OK
62,Ridges,,unknown,no evidence,rtx4090,24,1000,8.2192,1921.84,127.92,0.1,OK
63,Enigma,,unknown,no evidence,rtx4090,24,1000,8.2192,3502.8,-8.1122,,OK
64,Chutes,80,80GB datacentre,README keywords (GUESS),a100-80,80,2000,29.589,10462.7,2817.14,0,OK
65,True Performance Network,,unknown,no evidence,rtx4090,24,1000,8.2192,180,81.7672,0.73,OK
66,conjectures,,unknown,no evidence,rtx4090,24,1000,8.2192,108.641,-2.181,,OK
67,Harnyx,0,cpu-only (dev box),code-submission (validator runs it),cpu-small,0,1000,0.9863,1233.9,9.547,0.59,OK
68,NOVA,,unknown,no evidence,rtx4090,24,1000,8.2192,11306.7,11298.4,0.01,OK
69,Herald,,unknown,no evidence,rtx4090,24,1000,8.2192,,,,BLOCKED:burn
70,ghayn,,unknown,no evidence,rtx4090,24,1000,8.2192,,,,OK
71,Leadpoet,,unknown,no evidence,rtx4090,24,1000,8.2192,989.571,981.352,0,OK
72,StreetVision by NATIX,4,24GB consumer,min_compute.yml (curated),rtx3060,12,1000,2.9589,,,,BLOCKED:burn
73,Parked,,unknown,no evidence,rtx4090,24,1000,8.2192,,,,BLOCKED:burn
74,Gittensor,,unknown,no evidence,rtx4090,24,1000,8.2192,279.917,23.9788,1.87,OK
75,Hippius,,unknown,no evidence,rtx4090,24,1000,8.2192,14093.1,-7.5678,,OK
76,Ormas,,unknown,no evidence,rtx4090,24,1000,8.2192,,,,BLOCKED:burn
77,Liquidity,,unknown,no evidence,rtx4090,24,1000,8.2192,1041.6,137.992,0,OK
78,Umi,,unknown,no evidence,rtx4090,24,1000,8.2192,51.2026,21.2394,10.58,OK
79,MVTRX,0,cpu-only,min_compute.yml (curated),cpu-small,0,1000,0.9863,42.0078,8.3859,6.2,OK
80,OpenRoboto,,unknown,no evidence,rtx4090,24,1000,8.2192,2183.93,481.031,0,OK
81,Reliquary,,unknown,no evidence,rtx4090,24,1000,8.2192,101.767,-4.8785,,OK
82,uruz,,unknown,no evidence,rtx4090,24,1000,8.2192,,,,OK
83,CliqueAI,,unknown,no evidence,rtx4090,24,1000,8.2192,128.231,16.9263,1.77,OK
84,ansuz,,unknown,no evidence,rtx4090,24,1000,8.2192,,,,BLOCKED:burn
85,Vidaio,,unknown,no evidence,rtx4090,24,1000,8.2192,203.653,119.103,0,OK
86,kaunan,,unknown,no evidence,rtx4090,24,1000,8.2192,,,,OK
87,Provenonce,,unknown,no evidence,rtx4090,24,1000,8.2192,,,,BLOCKED:burn
88,Investing,,unknown,no evidence,rtx4090,24,1000,8.2192,92.4847,-5.7185,,OK
89,InfiniteQuant,,unknown,no evidence,rtx4090,24,1000,8.2192,106.763,-8.1642,,OK
90,KubeTEE,141,multi-GPU,README keywords (GUESS),h200-141,141,5000,78.9041,10760.4,8785.36,0,OK
91,cascade,0,cpu-only,README keywords (GUESS),cpu-small,0,1000,0.9863,2211.24,551.823,0.05,OK
92,Available,,unknown,no evidence,rtx4090,24,1000,8.2192,1251.98,1243.76,0.02,OK
93,Bitcast,,unknown,no evidence,rtx4090,24,1000,8.2192,911.038,902.819,0,OK
94,Cathedral,,unknown,no evidence,rtx4090,24,1000,8.2192,,,,BLOCKED:burn
95,Actual,,unknown,no evidence,rtx4090,24,1000,8.2192,,,,BLOCKED:burn
96,Verathos,24,24GB consumer,min_compute.yml (curated),rtx4090,24,1000,8.2192,247.23,16.4569,1.82,OK
97,Albedo,,unknown,no evidence,rtx4090,24,1000,8.2192,2817.9,2809.68,0.01,OK
98,NeverPlayAlone,0,cpu-only (dev box),code-submission (validator runs it),cpu-small,0,1000,0.9863,1890.03,1889.05,0.02,OK
99,Thirty Spokes,,unknown,no evidence,rtx4090,24,1000,8.2192,766.78,758.561,0.2,OK
100,Cortex,,unknown,no evidence,rtx4090,24,1000,8.2192,1405.33,15.0662,0.01,OK
101,Tag101,0,cpu-only,min_compute.yml (curated),cpu-small,0,1000,0.9863,2.4144,-0.0306,,OK
102,ConnitoAI,,unknown,no evidence,rtx4090,24,1000,8.2192,1541.22,410.274,0.02,OK
103,Deprecated,,unknown,no evidence,rtx4090,24,1000,8.2192,,,,OK
104,TAOstatus,0,cpu-only,min_compute.yml (curated),cpu-small,0,1000,0.9863,,,,BLOCKED:burn
105,Beam,,unknown,no evidence,rtx4090,24,1000,8.2192,110.353,-1.7137,,OK
106,Nodexo,,unknown,no evidence,rtx4090,24,1000,8.2192,567.697,59.3888,0,OK
107,Minos,0,cpu-only,min_compute.yml (curated),cpu-small,0,1000,0.9863,28248.2,340.007,0.87,OK
108,ChipForge,,unknown,no evidence,rtx4090,24,1000,8.2192,,,,OK
109,Finsight,,unknown,no evidence,rtx4090,24,1000,8.2192,,,,BLOCKED:burn
110,Green Compute,,unknown,no evidence,rtx4090,24,1000,8.2192,,,,OK
111,Claims,,unknown,no evidence,rtx4090,24,1000,8.2192,2632.89,292.697,0.07,OK
112,for sale,,unknown,no evidence,rtx4090,24,1000,8.2192,,,,OK
113,LongShort,,unknown,no evidence,rtx4090,24,1000,8.2192,,,,BLOCKED:burn
114,SOMA,0,cpu-only (dev box),code-submission (validator runs it),cpu-small,0,1000,0.9863,8817.76,-0.7168,,OK
115,MoirAI,,unknown,no evidence,rtx4090,24,1000,8.2192,,,,BLOCKED:burn
116,Carbon,,unknown,no evidence,rtx4090,24,1000,8.2192,,,,BLOCKED:burn
117,everyframe.studio,,unknown,no evidence,rtx4090,24,1000,8.2192,,,,BLOCKED:burn
118,Ditto,,unknown,no evidence,rtx4090,24,1000,8.2192,296.553,199.35,0,OK
119,CapabilityForge Next,,unknown,no evidence,rtx4090,24,1000,8.2192,,,,BLOCKED:burn
120,Affine,,unknown,no evidence,rtx4090,24,1000,8.2192,,,,OK
121,sundae_bar,0,cpu-only (dev box),code-submission (validator runs it),cpu-small,0,1000,0.9863,,,,BLOCKED:burn
122,CookingTAO,,unknown,no evidence,rtx4090,24,1000,8.2192,,,,OK
123,MANTIS,,unknown,no evidence,rtx4090,24,1000,8.2192,66.4333,-5.4181,,OK
124,Swarm,,unknown,no evidence,rtx4090,24,1000,8.2192,860.713,301.759,0.5,OK
125,Refinery,,unknown,no evidence,rtx4090,24,1000,8.2192,,,,OK
126,Attelier,,unknown,no evidence,rtx4090,24,1000,8.2192,,,,BLOCKED:burn
127,Astrid,,unknown,no evidence,rtx4090,24,1000,8.2192,165.076,156.857,0,OK
128,ByteLeap,,unknown,no evidence,rtx4090,24,1000,8.2192,,,,OK
